date,subject,condition,Start,Start_Frame,Stop,Stop_Frame,duration,subject2,Behaviour,Value,trial
25/05/2021,Cappuccina,clumsy,58.53332965,1756,92.59999417,2778,34.06666452,Blue3,trial,1,1
25/05/2021,Cappuccina,clumsy,77.99999509,2340,92.59999417,2778,14.59999908,Blue3,misc,lateral_approach,1
25/05/2021,Cappuccina,clumsy,78.73332838,2362,92.59999417,2778,13.86666579,Blue3,time_away,walk_away,1
25/05/2021,Cappuccina,clumsy,118.7666592,3563,151.9999904,4560,33.23333124,Blue3,trial,2,2
25/05/2021,Cappuccina,clumsy,132.433325,3973,,,,Blue3,look_away,look_away,2
25/05/2021,Cappuccina,clumsy,146.0999908,4383,151.7666571,4553,5.66666631,Blue3,time_away,walk_away,2
25/05/2021,Cappuccina,clumsy,189.899988,5697,222.3666527,6671,32.46666462,Blue3,trial,3,3
25/05/2021,Cappuccina,clumsy,199.8333207,5995,,,,Blue3,look_away,look_away,3
25/05/2021,Cappuccina,clumsy,200.866654,6026,207.5333203,6226,6.666666247,Blue3,time_away,walk_away,3
25/05/2021,Cappuccina,clumsy,214.4333198,6433,222.3666527,6671,7.933332834,Blue3,time_away,walk_away,3
25/05/2021,Cappuccina,clumsy,215.3333198,6460,222.3666527,6671,7.03333289,Blue3,misc,lateral_approach,3
25/05/2021,Cappuccina,clumsy,250.7999842,7524,285.1666487,8555,34.3666645,Blue3,trial,4,4
25/05/2021,Cappuccina,clumsy,259.2999837,7779,,,,Blue3,look_away,look_away,4
25/05/2021,Cappuccina,clumsy,259.4666503,7784,284.0666488,8522,24.59999845,Blue3,time_away,walk_away,4
25/05/2021,Cappuccina,clumsy,274.2333161,8227,,,,Blue3,look_away,look_away,4
04/05/2021,Blue3,clumsy,47.13321485,1414,83.43312361,2503,36.29990875,Blue3,trial,1,1
04/05/2021,Blue3,clumsy,107.6997293,3231,141.8329768,4255,34.13324753,Blue3,trial,2,2
04/05/2021,Blue3,clumsy,122.0996931,3663,141.8329768,4255,19.73328373,Blue3,sitting_laying_down,sitting_down,2
04/05/2021,Blue3,clumsy,122.7996913,3684,141.8329768,4255,19.03328549,Blue3,time_away,walk_away,2
04/05/2021,Blue3,clumsy,165.0662517,4952,196.6661723,5900,31.59992057,Blue3,trial,3,3
04/05/2021,Blue3,clumsy,217.199454,6516,248.1327096,7444,30.93325558,Blue3,trial,4,4
04/05/2021,Blue3,clumsy,231.3660851,6941,,,,Blue3,look_away,look_away,4
04/05/2021,Blue3,clumsy,236.7327383,7102,,,,Blue3,look_away,look_away,4
04/05/2021,Blue3,clumsy,243.2660552,7298,248.1327096,7444,4.866654433,Blue3,sitting_laying_down,sitting_down,4
12/05/2021,Josi,clumsy,74.3332146,2230,110.1331574,3304,35.79994281,Josi,trial,1,1
12/05/2021,Josi,clumsy,152.2664234,4568,196.599686,5898,44.33326252,Josi,trial,2,2
12/05/2021,Josi,clumsy,237.7662869,7133,272.6662311,8180,34.89994425,Josi,trial,3,3
12/05/2021,Josi,clumsy,315.7994956,9474,347.0661123,10412,31.26661672,Josi,trial,4,4
05/05/2021,Jurij,teasing,178.033089,5341,207.0663825,6212,29.03329348,Jurij,trial,1,1
05/05/2021,Jurij,teasing,190.2664055,5708,202.6330552,6079,12.36664969,Jurij,sitting_laying_down,sitting_down,1
05/05/2021,Jurij,teasing,203.4997207,6105,,,,Jurij,look_away,look_away,1
05/05/2021,Jurij,teasing,204.7663856,6143,207.0663825,6212,2.299996843,Jurij,time_away,walk_away,1
05/05/2021,Jurij,teasing,206.3997167,6192,207.0663825,6212,0.666665752,Jurij,misc,lateral_approach,1
05/05/2021,Jurij,teasing,272.1329598,8164,303.9662495,9119,31.83328964,Jurij,trial,2,2
05/05/2021,Jurij,teasing,286.5996066,8598,303.9662495,9119,17.36664283,Jurij,sitting_laying_down,sitting_down,2
05/05/2021,Jurij,teasing,303.5329167,9106,,,,Jurij,look_away,look_away,2
05/05/2021,Jurij,teasing,346.2661914,10388,377.632815,11329,31.36662361,Jurij,trial,3,3
05/05/2021,Jurij,teasing,361.2995041,10839,,,,Jurij,look_away,look_away,3
05/05/2021,Jurij,teasing,368.0994948,11043,377.632815,11329,9.533320249,Jurij,time_away,walk_away,3
05/05/2021,Jurij,teasing,422.2994204,12669,454.9993755,13650,32.69995512,Jurij,trial,4,4
05/05/2021,Jurij,teasing,434.0327376,13021,454.9993755,13650,20.96663789,Jurij,sitting_laying_down,sitting_down,4
05/05/2021,Jurij,teasing,434.7327366,13042,,,,Jurij,look_away,look_away,4
04/05/2021,Ava,teasing,50.83322385,1525,87.03314588,2611,36.19992203,Ava,trial,1,1
04/05/2021,Ava,teasing,64.86652696,1946,65.49985892,1965,0.633331969,Ava,misc,lateral_approach,1
04/05/2021,Ava,teasing,64.99986,1950,65.63319197,1969,0.633331969,Ava,time_away,walk_away,1
04/05/2021,Ava,teasing,115.2664184,3458,146.1996851,4386,30.93326671,Ava,trial,2,2
04/05/2021,Ava,teasing,178.5662821,5357,209.3662157,6281,30.79993366,Ava,trial,3,3
04/05/2021,Ava,teasing,184.3329363,5530,185.4662672,5564,1.133330892,Ava,time_away,walk_away,3
04/05/2021,Ava,teasing,244.3661403,7331,272.9327455,8188,28.56660514,Ava,trial,4,4
04/05/2021,Ava,teasing,251.5994581,7548,262.8327672,7885,11.23330914,Ava,time_away,walk_away,4
04/05/2021,Ava,teasing,261.7994361,7854,,,,Ava,look_away,look_away,4
04/05/2021,Ava,teasing,264.199431,7926,272.9327455,8188,8.733314523,Ava,sitting_laying_down,sitting_down,4
04/05/2021,Ava,teasing,266.6994256,8001,272.9327455,8188,6.233319908,Ava,time_away,walk_away,4
06/05/2021,Flocke2,clumsy,54.66655017,1640,92.06647046,2762,37.3999203,Flocke2,trial,1,1
06/05/2021,Flocke2,clumsy,62.13320092,1864,62.23320071,1867,0.099999787,Flocke2,misc,pawing,1
06/05/2021,Flocke2,clumsy,62.73319964,1882,66.66652459,2000,3.933324951,Flocke2,sitting_laying_down,front_down,1
06/05/2021,Flocke2,clumsy,87.73314636,2632,88.09981225,2643,0.366665885,Flocke2,sitting_laying_down,front_down,1
06/05/2021,Flocke2,clumsy,88.2331453,2647,88.43314487,2653,0.199999574,Flocke2,misc,pawing,1
06/05/2021,Flocke2,clumsy,88.4998114,2655,89.29980969,2679,0.799998295,Flocke2,sitting_laying_down,front_down,1
06/05/2021,Flocke2,clumsy,120.5330765,3616,153.899672,4617,33.36659556,Flocke2,trial,2,2
06/05/2021,Flocke2,clumsy,124.6330677,3739,124.8664006,3746,0.233332836,Flocke2,misc,pawing,2
06/05/2021,Flocke2,clumsy,129.8997232,3897,130.4663886,3914,0.566665459,Flocke2,misc,pawing,2
06/05/2021,Flocke2,clumsy,130.9997208,3930,132.6997172,3981,1.699996377,Flocke2,sitting_laying_down,front_down,2
06/05/2021,Flocke2,clumsy,142.7330292,4282,143.9330266,4318,1.199997443,Flocke2,misc,pawing,2
06/05/2021,Flocke2,clumsy,184.6996064,5541,217.0662041,6512,32.36659769,Flocke2,trial,3,3
06/05/2021,Flocke2,clumsy,209.0328879,6271,211.0995501,6333,2.066662262,Flocke2,misc,lateral_approach,3
06/05/2021,Flocke2,clumsy,210.5662179,6317,,,,Flocke2,look_away,look_away,3
06/05/2021,Flocke2,clumsy,211.0995501,6333,214.0328772,6421,2.933327082,Flocke2,time_away,walk_away,3
06/05/2021,Flocke2,clumsy,247.3661395,7421,281.0327344,8431,33.66659492,Flocke2,trial,4,4
06/05/2021,Flocke2,clumsy,260.7994442,7824,,,,Flocke2,look_away,look_away,4
06/05/2021,Flocke2,clumsy,261.4327762,7843,265.9660999,7979,4.533323672,Flocke2,time_away,walk_away,4
06/05/2021,Flocke2,clumsy,275.1994135,8256,276.1994114,8286,0.999997869,Flocke2,time_away,walk_away,4
07/05/2021,Arthur1,clumsy,69.36666296,2081,101.9999945,3060,32.63333159,Arthur1,trial,1,1
07/05/2021,Arthur1,clumsy,139.2666592,4178,174.533324,5236,35.26666478,Arthur1,trial,2,2
07/05/2021,Arthur1,clumsy,213.7999886,6414,244.6333202,7339,30.83333168,Arthur1,trial,3,3
07/05/2021,Arthur1,clumsy,225.8666546,6776,,,,Arthur1,look_away,look_away,3
07/05/2021,Arthur1,clumsy,294.4999842,8835,326.9999825,9810,32.49999826,Arthur1,trial,4,4
07/05/2021,Arthur1,clumsy,324.733316,9742,,,,Arthur1,look_away,look_away,4
07/05/2021,Arthur1,clumsy,325.1666493,9755,326.9999825,9810,1.833333235,Arthur1,time_away,walk_away,4
06/05/2021,Abby2,teasing,49.2333302,1477,81.79999479,2454,32.56666459,Abby2,trial,1,1
06/05/2021,Abby2,teasing,64.89999586,1947,67.36666237,2021,2.466666509,Abby2,misc,lateral_approach,1
06/05/2021,Abby2,teasing,65.46666249,1964,68.59999563,2058,3.133333134,Abby2,time_away,walk_away,1
06/05/2021,Abby2,teasing,74.39999526,2232,,,,Abby2,look_away,look_away,1
06/05/2021,Abby2,teasing,104.6333267,3139,134.0666581,4022,29.43333146,Abby2,trial,2,2
06/05/2021,Abby2,teasing,109.3666597,3281,,,,Abby2,look_away,look_away,2
06/05/2021,Abby2,teasing,110.0333263,3301,116.9999925,3510,6.966666223,Abby2,time_away,walk_away,2
06/05/2021,Abby2,teasing,119.5333257,3586,,,,Abby2,look_away,look_away,2
06/05/2021,Abby2,teasing,123.4666588,3704,,,,Abby2,look_away,look_away,2
06/05/2021,Abby2,teasing,129.3333251,3880,,,,Abby2,look_away,look_away,2
06/05/2021,Abby2,teasing,130.233325,3907,134.0666581,4022,3.833333089,Abby2,time_away,walk_away,2
06/05/2021,Abby2,teasing,158.4333232,4753,189.1999879,5676,30.76666471,Abby2,trial,3,3
06/05/2021,Abby2,teasing,165.6666561,4970,,,,Abby2,look_away,look_away,3
06/05/2021,Abby2,teasing,169.6999892,5091,,,,Abby2,look_away,look_away,3
06/05/2021,Abby2,teasing,174.9333222,5248,,,,Abby2,look_away,look_away,3
06/05/2021,Abby2,teasing,180.9999885,5430,,,,Abby2,look_away,look_away,3
06/05/2021,Abby2,teasing,185.2333215,5557,,,,Abby2,look_away,look_away,3
06/05/2021,Abby2,teasing,215.5333196,6466,245.4999844,7365,29.96666476,Abby2,trial,4,4
06/05/2021,Abby2,teasing,223.7999857,6714,,,,Abby2,look_away,look_away,4
06/05/2021,Abby2,teasing,226.3666522,6791,232.8333185,6985,6.466666255,Abby2,time_away,walk_away,4
06/05/2021,Abby2,teasing,235.2666517,7058,,,,Abby2,look_away,look_away,4
21/05/2021,Kylie,clumsy,53.86666667,1616,91.83333333,2755,37.96666667,Kylie,trial,1,1
21/05/2021,Kylie,clumsy,126.5333333,3796,160.3333333,4810,33.8,Kylie,trial,2,2
21/05/2021,Kylie,clumsy,193.0333333,5791,220.2666667,6608,27.23333333,Kylie,trial,3,3
21/05/2021,Kylie,clumsy,252.2333333,7567,286.2666667,8588,34.03333333,Kylie,trial,4,4
21/05/2021,Kylie,clumsy,264.3,7929,,,,Kylie,look_away,look_away,4
21/05/2021,Kylie,clumsy,265.0666667,7952,278.5,8355,13.43333333,Kylie,time_away,walk_away,4
21/05/2021,Kylie,clumsy,274.8,8244,,,,Kylie,look_away,look_away,4
21/05/2021,Kobe,clumsy,66.36666667,1991,96.33333333,2890,29.96666667,Kobe,trial,1,1
21/05/2021,Kobe,clumsy,88.06666667,2642,,,,Kobe,look_away,look_away,1
21/05/2021,Kobe,clumsy,129.3,3879,161.9333333,4858,32.63333333,Kobe,trial,2,2
21/05/2021,Kobe,clumsy,143.7333333,4312,,,,Kobe,look_away,look_away,2
21/05/2021,Kobe,clumsy,144.5,4335,153.6666667,4610,9.166666667,Kobe,misc,lateral_approach,2
21/05/2021,Kobe,clumsy,145.1,4353,159.4,4782,14.3,Kobe,time_away,walk_away,2
21/05/2021,Kobe,clumsy,194.9333333,5848,229.9,6897,34.96666667,Kobe,trial,3,3
21/05/2021,Kobe,clumsy,212.6,6378,,,,Kobe,look_away,look_away,3
21/05/2021,Kobe,clumsy,261.4333333,7843,294.3333333,8830,32.9,Kobe,trial,4,4
21/05/2021,Kobe,clumsy,281.8666667,8456,294.3333333,8830,12.46666667,Kobe,misc,lateral_approach,4
21/05/2021,Kobe,clumsy,282.6,8478,294.3333333,8830,11.73333333,Kobe,time_away,walk_away,4
11/05/2021,Lenny4,clumsy,64.59999592,1938,96.43332724,2893,31.83333132,Lenny4,trial,1,1
11/05/2021,Lenny4,clumsy,127.7666586,3833,156.0999901,4683,28.33333154,Lenny4,trial,2,2
11/05/2021,Lenny4,clumsy,186.7333215,5602,219.9333194,6598,33.1999979,Lenny4,trial,3,3
11/05/2021,Lenny4,clumsy,250.0999842,7503,282.5999822,8478,32.49999795,Lenny4,trial,4,4
19/05/2021,Leia2,clumsy,60.43320747,1813,92.76647346,2783,32.33326599,Leia2 clumsy,trial,1,1
19/05/2021,Leia2,clumsy,125.799738,3774,157.6663383,4730,31.8666003,Leia2 clumsy,trial,2,2
19/05/2021,Leia2,clumsy,189.7662714,5693,222.3328703,6670,32.56659884,Leia2 clumsy,trial,3,3
19/05/2021,Leia2,clumsy,210.8662275,6326,,,,Leia2 clumsy,look_away,look_away,3
19/05/2021,Leia2,clumsy,255.132802,7654,288.2660663,8648,33.13326433,Leia2 clumsy,trial,4,4
19/05/2021,Leia2,clumsy,287.9660669,8639,288.2660663,8648,0.299999375,Leia2 clumsy,sitting_laying_down,front_down,4
19/05/2021,Leia2,teasing,64.29999673,1929,95.09999516,2853,30.79999843,Leia2 teasing,trial,1,1
19/05/2021,Leia2,teasing,128.5666601,3857,160.0333252,4801,31.46666506,Leia2 teasing,trial,2,2
19/05/2021,Leia2,teasing,190.366657,5711,222.133322,6664,31.76666505,Leia2 teasing,trial,3,3
19/05/2021,Leia2,teasing,216.5666556,6497,,,,Leia2 teasing,look_away,look_away,3
19/05/2021,Leia2,teasing,216.599989,6498,222.133322,6664,5.533333052,Leia2 teasing,time_away,walk_away,3
19/05/2021,Leia2,teasing,217.7666556,6533,222.133322,6664,4.366666444,Leia2 teasing,sitting_laying_down,sitting_down,3
19/05/2021,Leia2,teasing,255.0666537,7652,286.9999854,8610,31.93333171,Leia2 teasing,trial,4,4
19/05/2021,Leia2,teasing,272.2666528,8168,272.8999861,8187,0.633333301,Leia2 teasing,sitting_laying_down,front_down,4
19/05/2021,Leia2,teasing,272.8999861,8187,286.9999854,8610,14.09999928,Leia2 teasing,sitting_laying_down,laying_down,4
11/05/2021,Ultimo,teasing,65.7,1971,96.96666667,2909,31.26666667,Ultimo,trial,1,1
11/05/2021,Ultimo,teasing,126.5666667,3797,160.8666667,4826,34.3,Ultimo,trial,2,2
11/05/2021,Ultimo,teasing,140.0333333,4201,143.3666667,4301,3.333333333,Ultimo,misc,pawing,2
11/05/2021,Ultimo,teasing,143.5,4305,145.8666667,4376,2.366666667,Ultimo,misc,pawing,2
11/05/2021,Ultimo,teasing,146.9666667,4409,148.2333333,4447,1.266666667,Ultimo,misc,pawing,2
11/05/2021,Ultimo,teasing,150.9,4527,151.6,4548,0.7,Ultimo,misc,pawing,2
11/05/2021,Ultimo,teasing,152.8666667,4586,153.6,4608,0.733333333,Ultimo,misc,pawing,2
11/05/2021,Ultimo,teasing,155.1,4653,155.9,4677,0.8,Ultimo,misc,pawing,2
11/05/2021,Ultimo,teasing,157.5,4725,157.9666667,4739,0.466666667,Ultimo,misc,pawing,2
11/05/2021,Ultimo,teasing,158.2333333,4747,159.9,4797,1.666666667,Ultimo,misc,pawing,2
11/05/2021,Ultimo,teasing,183.2,5496,217,6510,33.8,Ultimo,trial,3,3
11/05/2021,Ultimo,teasing,185.8666667,5576,186.5666667,5597,0.7,Ultimo,misc,pawing,3
11/05/2021,Ultimo,teasing,187.4,5622,188,5640,0.6,Ultimo,misc,pawing,3
11/05/2021,Ultimo,teasing,189.2333333,5677,189.6333333,5689,0.4,Ultimo,misc,pawing,3
11/05/2021,Ultimo,teasing,191.0333333,5731,192.0333333,5761,1,Ultimo,misc,pawing,3
11/05/2021,Ultimo,teasing,194.6666667,5840,195.1333333,5854,0.466666667,Ultimo,misc,pawing,3
11/05/2021,Ultimo,teasing,196.8666667,5906,197.8666667,5936,1,Ultimo,misc,pawing,3
11/05/2021,Ultimo,teasing,199.7333333,5992,200.3,6009,0.566666667,Ultimo,sitting_laying_down,laying_down,3
11/05/2021,Ultimo,teasing,201,6030,201.2,6036,0.2,Ultimo,misc,pawing,3
11/05/2021,Ultimo,teasing,210.5333333,6316,,,,Ultimo,vocalisation,vocalisation,3
11/05/2021,Ultimo,teasing,212.1666667,6365,212.6,6378,0.433333333,Ultimo,sitting_laying_down,laying_down,3
11/05/2021,Ultimo,teasing,215.3666667,6461,,,,Ultimo,look_away,look_away,3
11/05/2021,Ultimo,teasing,215.8333333,6475,217,6510,1.166666667,Ultimo,time_away,walk_away,3
11/05/2021,Ultimo,teasing,216.5333333,6496,,,,Ultimo,vocalisation,vocalisation,3
11/05/2021,Ultimo,teasing,247.4,7422,280.4,8412,33,Ultimo,trial,4,4
11/05/2021,Ultimo,teasing,278.9333333,8368,280.4,8412,1.466666667,Ultimo,time_away,walk_away,4
13/05/2021,Luna31,teasing,51.89989014,1557,83.46648999,2504,31.56659985,Luna31,trial,1,1
13/05/2021,Luna31,teasing,67.86652301,2036,68.29985543,2049,0.433332416,Luna31,time_away,walk_away,1
13/05/2021,Luna31,teasing,69.26652005,2078,,,,Luna31,look_away,look_away,1
13/05/2021,Luna31,teasing,110.9330985,3328,141.7663666,4253,30.83326807,Luna31,trial,2,2
13/05/2021,Luna31,teasing,118.9997481,3570,,,,Luna31,look_away,look_away,2
13/05/2021,Luna31,teasing,124.1330706,3724,,,,Luna31,look_away,look_away,2
13/05/2021,Luna31,teasing,124.9330689,3748,133.2663846,3998,8.333315694,Luna31,misc,lateral_approach,2
13/05/2021,Luna31,teasing,125.2997348,3759,133.3330511,4000,8.033316329,Luna31,time_away,walk_away,2
13/05/2021,Luna31,teasing,167.4996455,5025,199.1995784,5976,31.6999329,Luna31,trial,3,3
13/05/2021,Luna31,teasing,173.2996332,5199,,,,Luna31,look_away,look_away,3
13/05/2021,Luna31,teasing,173.7662989,5213,178.2996226,5349,4.533323738,Luna31,time_away,walk_away,3
13/05/2021,Luna31,teasing,187.4996031,5625,188.5329343,5656,1.033331146,Luna31,time_away,walk_away,3
13/05/2021,Luna31,teasing,189.2995993,5679,,,,Luna31,look_away,look_away,3
13/05/2021,Luna31,teasing,190.3662637,5711,192.9995915,5790,2.633327759,Luna31,time_away,walk_away,3
13/05/2021,Luna31,teasing,190.3662637,5711,193.066258,5792,2.699994285,Luna31,misc,lateral_approach,3
13/05/2021,Luna31,teasing,229.6995138,6891,261.6994461,7851,31.99993227,Luna31,trial,4,4
13/05/2021,Luna31,teasing,235.0328358,7051,,,,Luna31,look_away,look_away,4
13/05/2021,Luna31,teasing,236.1995,7086,236.3994996,7092,0.199999577,Luna31,misc,lateral_approach,4
13/05/2021,Luna31,teasing,239.4328265,7183,,,,Luna31,look_away,look_away,4
13/05/2021,Luna31,teasing,239.5661596,7187,245.0994812,7353,5.533321621,Luna31,time_away,walk_away,4
13/05/2021,Luna31,teasing,258.1327869,7744,261.6994461,7851,3.566659117,Luna31,misc,lateral_approach,4
13/05/2021,Luna31,teasing,258.8327855,7765,261.6994461,7851,2.866660599,Luna31,time_away,walk_away,4
25/05/2021,Juna,teasing,47.43333333,1423,78.63333333,2359,31.2,Juna,trial,1,1
25/05/2021,Juna,teasing,53.96666667,1619,54.63333333,1639,0.666666667,Juna,time_away,walk_away,1
25/05/2021,Juna,teasing,56.33333333,1690,,,,Juna,look_away,look_away,1
25/05/2021,Juna,teasing,56.8,1704,59.13333333,1774,2.333333333,Juna,time_away,walk_away,1
25/05/2021,Juna,teasing,61.26666667,1838,,,,Juna,look_away,look_away,1
25/05/2021,Juna,teasing,61.26666667,1838,66.73333333,2002,5.466666667,Juna,time_away,walk_away,1
25/05/2021,Juna,teasing,67.86666667,2036,74.76666667,2243,6.9,Juna,time_away,walk_away,1
25/05/2021,Juna,teasing,68.4,2052,,,,Juna,look_away,look_away,1
25/05/2021,Juna,teasing,76.56666667,2297,78.63333333,2359,2.066666667,Juna,time_away,walk_away,1
25/05/2021,Juna,teasing,76.83333333,2305,,,,Juna,look_away,look_away,1
25/05/2021,Juna,teasing,106.7666667,3203,140.2,4206,33.43333333,Juna,trial,2,2
25/05/2021,Juna,teasing,109,3270,,,,Juna,look_away,look_away,2
25/05/2021,Juna,teasing,109.7333333,3292,113.1333333,3394,3.4,Juna,time_away,walk_away,2
25/05/2021,Juna,teasing,114.8666667,3446,,,,Juna,look_away,look_away,2
25/05/2021,Juna,teasing,114.8666667,3446,122.1333333,3664,7.266666667,Juna,time_away,walk_away,2
25/05/2021,Juna,teasing,124.5666667,3737,,,,Juna,look_away,look_away,2
25/05/2021,Juna,teasing,124.5666667,3737,134.8666667,4046,10.3,Juna,time_away,walk_away,2
25/05/2021,Juna,teasing,166.7666667,5003,199.8,5994,33.03333333,Juna,trial,3,3
25/05/2021,Juna,teasing,175.0333333,5251,,,,Juna,look_away,look_away,3
25/05/2021,Juna,teasing,175.0333333,5251,184.8,5544,9.766666667,Juna,time_away,walk_away,3
25/05/2021,Juna,teasing,185.7666667,5573,,,,Juna,look_away,look_away,3
25/05/2021,Juna,teasing,185.7666667,5573,198.7,5961,12.93333333,Juna,time_away,walk_away,3
25/05/2021,Juna,teasing,230.3333333,6910,263,7890,32.66666667,Juna,trial,4,4
25/05/2021,Juna,teasing,233.1333333,6994,248.6666667,7460,15.53333333,Juna,time_away,walk_away,4
25/05/2021,Juna,teasing,233.6333333,7009,,,,Juna,look_away,look_away,4
25/05/2021,Juna,teasing,240.1,7203,,,,Juna,look_away,look_away,4
25/05/2021,Juna,teasing,254.8333333,7645,263,7890,8.166666667,Juna,time_away,walk_away,4
25/05/2021,Juna,teasing,255.0333333,7651,,,,Juna,look_away,look_away,4
17/05/2021,Lorin,clumsy,364.1329351,10924,394.5995685,11838,30.46663335,Lorin,trial,1,1
17/05/2021,Lorin,clumsy,391.966238,11759,,,,Lorin,look_away,look_away,1
17/05/2021,Lorin,clumsy,392.7995705,11784,394.5995685,11838,1.799998032,Lorin,time_away,walk_away,1
17/05/2021,Lorin,clumsy,416.1328783,12484,452.8995047,13587,36.76662646,Lorin,trial,2,2
17/05/2021,Lorin,clumsy,432.9328599,12988,,,,Lorin,look_away,look_away,2
17/05/2021,Lorin,clumsy,434.0995253,13023,434.8661911,13046,0.766665828,Lorin,misc,lateral_approach,2
17/05/2021,Lorin,clumsy,434.8661911,13046,,,,Lorin,look_away,look_away,2
17/05/2021,Lorin,clumsy,435.1661908,13055,439.9328523,13198,4.766661454,Lorin,time_away,walk_away,2
17/05/2021,Lorin,clumsy,444.7661803,13343,,,,Lorin,look_away,look_away,2
17/05/2021,Lorin,clumsy,445.2995131,13359,452.8995047,13587,7.599991689,Lorin,time_away,walk_away,2
17/05/2021,Lorin,clumsy,445.4661795,13364,452.8995047,13587,7.433325205,Lorin,misc,lateral_approach,2
17/05/2021,Lorin,clumsy,475.0661472,14252,505.2661141,15158,30.19996698,Lorin,trial,3,3
17/05/2021,Lorin,clumsy,485.1328028,14554,496.2327907,14887,11.09998786,Lorin,misc,lateral_approach,3
17/05/2021,Lorin,clumsy,486.0661351,14582,496.4994571,14895,10.43332192,Lorin,time_away,walk_away,3
17/05/2021,Lorin,clumsy,503.0994498,15093,,,,Lorin,look_away,look_away,3
17/05/2021,Lorin,clumsy,503.9327823,15118,505.2661141,15158,1.333331875,Lorin,time_away,walk_away,3
17/05/2021,Lorin,clumsy,558.2327229,16747,590.0993547,17703,31.86663182,Lorin,trial,4,4
17/05/2021,Lorin,clumsy,564.2993829,16929,,,,Lorin,look_away,look_away,4
17/05/2021,Lorin,clumsy,564.9993822,16950,576.1660366,17285,11.16665446,Lorin,time_away,walk_away,4
17/05/2021,Lorin,clumsy,569.7327103,17092,,,,Lorin,look_away,look_away,4
17/05/2021,Lorin,clumsy,588.4660232,17654,590.0993547,17703,1.633331547,Lorin,misc,lateral_approach,4
17/05/2021,Lorin,clumsy,589.5993553,17688,590.0993547,17703,0.499999453,Lorin,time_away,walk_away,4
20/05/2021,Loki5,teasing,48.43322286,1453,81.4998141,2445,33.06659124,Loki5,trial,1,1
20/05/2021,Loki5,teasing,79.19981934,2376,,,,Loki5,look_away,look_away,1
20/05/2021,Loki5,teasing,107.266422,3218,142.1996756,4266,34.93325365,Loki5,trial,2,2
20/05/2021,Loki5,teasing,139.6330148,4189,,,,Loki5,look_away,look_away,2
20/05/2021,Loki5,teasing,170.8662769,5126,204.166201,6125,33.29992404,Loki5,trial,3,3
20/05/2021,Loki5,teasing,228.8994779,6867,261.7660696,7853,32.8665917,Loki5,trial,4,4
17/05/2021,Ruby8,blocked,47.99989163,1440,86.69980425,2601,38.69991262,Ruby8,trial,1,1
17/05/2021,Ruby8,blocked,59.83319824,1795,,,,Ruby8,look_away,look_away,1
17/05/2021,Ruby8,blocked,72.6665026,2180,,,,Ruby8,look_away,look_away,1
17/05/2021,Ruby8,blocked,73.39983428,2202,80.99981712,2430,7.599982841,Ruby8,misc,lateral_approach,1
17/05/2021,Ruby8,blocked,74.59983157,2238,86.69980425,2601,12.09997268,Ruby8,time_away,walk_away,1
17/05/2021,Ruby8,blocked,109.2330867,3277,141.3996807,4242,32.16659404,Ruby8,trial,2,2
17/05/2021,Ruby8,blocked,124.3997191,3732,,,,Ruby8,look_away,look_away,2
17/05/2021,Ruby8,blocked,125.1997173,3756,141.3996807,4242,16.19996342,Ruby8,time_away,walk_away,2
17/05/2021,Ruby8,blocked,170.0662827,5102,206.5995335,6198,36.53325085,Ruby8,time_away,walk_away,2
17/05/2021,Ruby8,blocked,189.0662398,5672,,,,Ruby8,look_away,look_away,2
17/05/2021,Ruby8,blocked,204.2662055,6128,,,,Ruby8,look_away,look_away,2
17/05/2021,Ruby8,blocked,230.4661463,6914,265.7993999,7974,35.33325356,Ruby8,trial,4,4
17/05/2021,Ruby8,blocked,235.332802,7060,,,,Ruby8,look_away,look_away,4
17/05/2021,Ruby8,blocked,240.63279,7219,,,,Ruby8,look_away,look_away,4
17/05/2021,Ruby8,blocked,242.566119,7277,,,,Ruby8,look_away,look_away,4
17/05/2021,Ruby8,blocked,247.1994419,7416,,,,Ruby8,look_away,look_away,4
17/05/2021,Ruby8,blocked,248.2661061,7448,265.7993999,7974,17.53329375,Ruby8,time_away,walk_away,4
17/05/2021,Jax,clumsy,73.76666242,2213,106.7333272,3202,32.96666477,Jax,trial,1,1
17/05/2021,Jax,clumsy,132.666659,3980,167.1999904,5016,34.53333135,Jax,trial,2,2
17/05/2021,Jax,clumsy,133.8333256,4015,135.9333255,4078,2.099999879,Jax,sitting_laying_down,front_down,2
17/05/2021,Jax,clumsy,138.9333253,4168,140.5333252,4216,1.599999908,Jax,sitting_laying_down,front_down,2
17/05/2021,Jax,clumsy,145.233325,4357,148.2333248,4447,2.999999827,Jax,sitting_laying_down,front_down,2
17/05/2021,Jax,clumsy,149.4999914,4485,151.6666579,4550,2.166666542,Jax,sitting_laying_down,front_down,2
17/05/2021,Jax,clumsy,165.3333238,4960,,,,Jax,look_away,look_away,2
17/05/2021,Jax,clumsy,189.3666558,5681,223.6999871,6711,34.33333136,Jax,trial,3,3
17/05/2021,Jax,clumsy,193.0333222,5791,193.6999888,5811,0.666666628,Jax,misc,pawing,3
17/05/2021,Jax,clumsy,209.5999879,6288,223.6999871,6711,14.09999919,Jax,misc,lateral_approach,3
17/05/2021,Jax,clumsy,209.7333213,6292,223.6999871,6711,13.96666586,Jax,time_away,walk_away,3
17/05/2021,Jax,clumsy,244.4999859,7335,279.9666505,8399,35.46666462,Jax,trial,4,4
17/05/2021,Jax,clumsy,257.9999851,7740,,,,Jax,look_away,look_away,4
17/05/2021,Jax,clumsy,259.3333184,7780,,,,Jax,look_away,look_away,4
17/05/2021,Jax,clumsy,260.0666517,7802,274.9999842,8250,14.93333247,Jax,misc,lateral_approach,4
17/05/2021,Jax,clumsy,260.5333183,7816,274.9999842,8250,14.46666583,Jax,time_away,walk_away,4
17/05/2021,Jax,clumsy,276.3999841,8292,279.9666505,8399,3.566666461,Jax,misc,lateral_approach,4
17/05/2021,Jax,clumsy,276.6999841,8301,279.9666505,8399,3.266666479,Jax,time_away,walk_away,4
19/05/2021,Manni2,blocked,60.56666667,1817,93.76666667,2813,33.2,Manni2,trial,1,1
19/05/2021,Manni2,blocked,69.16666667,2075,,,,Manni2,look_away,look_away,1
19/05/2021,Manni2,blocked,69.43333333,2083,72.33333333,2170,2.9,Manni2,misc,lateral_approach,1
19/05/2021,Manni2,blocked,69.86666667,2096,87.13333333,2614,17.26666667,Manni2,time_away,walk_away,1
19/05/2021,Manni2,blocked,82.43333333,2473,,,,Manni2,look_away,look_away,1
19/05/2021,Manni2,blocked,88.3,2649,,,,Manni2,look_away,look_away,1
19/05/2021,Manni2,blocked,88.6,2658,93.76666667,2813,5.166666667,Manni2,misc,lateral_approach,1
19/05/2021,Manni2,blocked,89.26666667,2678,93.76666667,2813,4.5,Manni2,time_away,walk_away,1
19/05/2021,Manni2,blocked,126.3333333,3790,156.6,4698,30.26666667,Manni2,trial,2,2
19/05/2021,Manni2,blocked,139.7333333,4192,,,,Manni2,look_away,look_away,2
19/05/2021,Manni2,blocked,140.2333333,4207,148.2333333,4447,8,Manni2,misc,lateral_approach,2
19/05/2021,Manni2,blocked,141.2,4236,148.6666667,4460,7.466666667,Manni2,time_away,walk_away,2
19/05/2021,Manni2,blocked,152.2,4566,,,,Manni2,look_away,look_away,2
19/05/2021,Manni2,blocked,192.5666667,5777,224.0666667,6722,31.5,Manni2,trial,3,3
19/05/2021,Manni2,blocked,194.0333333,5821,,,,Manni2,look_away,look_away,3
19/05/2021,Manni2,blocked,196.2333333,5887,202.4,6072,6.166666667,Manni2,time_away,walk_away,3
19/05/2021,Manni2,blocked,200.3666667,6011,,,,Manni2,look_away,look_away,3
19/05/2021,Manni2,blocked,204.6333333,6139,,,,Manni2,look_away,look_away,3
19/05/2021,Manni2,blocked,207.2333333,6217,213.7333333,6412,6.5,Manni2,time_away,walk_away,3
19/05/2021,Manni2,blocked,215.4666667,6464,,,,Manni2,look_away,look_away,3
19/05/2021,Manni2,blocked,216.5,6495,224.0666667,6722,7.566666667,Manni2,misc,lateral_approach,3
19/05/2021,Manni2,blocked,217.4333333,6523,224.0666667,6722,6.633333333,Manni2,time_away,walk_away,3
19/05/2021,Manni2,blocked,258.6,7758,291.0666667,8732,32.46666667,Manni2,trial,4,4
19/05/2021,Manni2,blocked,262.4333333,7873,,,,Manni2,look_away,look_away,4
19/05/2021,Manni2,blocked,264.5666667,7937,,,,Manni2,look_away,look_away,4
19/05/2021,Manni2,blocked,267.7,8031,,,,Manni2,look_away,look_away,4
19/05/2021,Manni2,blocked,269.9666667,8099,,,,Manni2,look_away,look_away,4
19/05/2021,Manni2,blocked,271.9333333,8158,,,,Manni2,look_away,look_away,4
19/05/2021,Manni2,blocked,272.4,8172,286.3,8589,13.9,Manni2,time_away,walk_away,4
19/05/2021,Manni2,blocked,273.1,8193,277.9,8337,4.8,Manni2,misc,lateral_approach,4
19/05/2021,Manni2,blocked,279.6,8388,,,,Manni2,look_away,look_away,4
20/05/2021,Olivy,blocked,60.69999641,1821,91.99999456,2760,31.29999815,Olivy,trial,1,1
20/05/2021,Olivy,blocked,77.3666621,2321,,,,Olivy,look_away,look_away,1
20/05/2021,Olivy,blocked,77.86666207,2336,82.66666178,2480,4.799999716,Olivy,time_away,walk_away,1
20/05/2021,Olivy,blocked,88.89999475,2667,,,,Olivy,look_away,look_away,1
20/05/2021,Olivy,blocked,89.13332807,2674,91.99999456,2760,2.866666497,Olivy,time_away,walk_away,1
20/05/2021,Olivy,blocked,90.03332801,2701,91.99999456,2760,1.96666655,Olivy,misc,lateral_approach,1
20/05/2021,Olivy,blocked,121.7333261,3652,152.1666577,4565,30.43333154,Olivy,trial,2,2
20/05/2021,Olivy,blocked,126.3999925,3792,,,,Olivy,look_away,look_away,2
20/05/2021,Olivy,blocked,128.3333258,3850,,,,Olivy,look_away,look_away,2
20/05/2021,Olivy,blocked,128.5666591,3857,150.7999911,4524,22.23333202,Olivy,misc,lateral_approach,2
20/05/2021,Olivy,blocked,129.5333257,3886,152.1666577,4565,22.633332,Olivy,time_away,walk_away,2
20/05/2021,Olivy,blocked,150.3333245,4510,,,,Olivy,look_away,look_away,2
20/05/2021,Olivy,blocked,191.633322,5749,221.2666536,6638,29.63333158,Olivy,trial,3,3
20/05/2021,Olivy,blocked,196.1333217,5884,,,,Olivy,look_away,look_away,3
20/05/2021,Olivy,blocked,196.5666551,5897,203.5666546,6107,6.999999586,Olivy,time_away,walk_away,3
20/05/2021,Olivy,blocked,200.7666548,6023,,,,Olivy,look_away,look_away,3
20/05/2021,Olivy,blocked,211.2333209,6337,,,,Olivy,look_away,look_away,3
20/05/2021,Olivy,blocked,217.3666538,6521,,,,Olivy,look_away,look_away,3
20/05/2021,Olivy,blocked,217.9999871,6540,221.2666536,6638,3.266666474,Olivy,time_away,walk_away,3
20/05/2021,Olivy,blocked,257.3999848,7722,288.8999829,8667,31.49999814,Olivy,trial,4,4
20/05/2021,Olivy,blocked,261.9999845,7860,,,,Olivy,look_away,look_away,4
20/05/2021,Olivy,blocked,263.9666511,7919,,,,Olivy,look_away,look_away,4
20/05/2021,Olivy,blocked,264.6333177,7939,288.8999829,8667,24.26666523,Olivy,time_away,walk_away,4
18/05/2021,Fiby2,blocked,56.46660488,1694,89.03323591,2671,32.56663103,Fiby2,trial,1,1
18/05/2021,Fiby2,blocked,81.19991115,2436,,,,Fiby2,look_away,look_away,1
18/05/2021,Fiby2,blocked,81.53324412,2446,89.03323591,2671,7.499991793,Fiby2,misc,lateral_approach,1
18/05/2021,Fiby2,blocked,82.26657665,2468,89.03323591,2671,6.766659262,Fiby2,time_away,walk_away,1
18/05/2021,Fiby2,blocked,120.6998679,3621,152.4331665,4573,31.73329861,Fiby2,trial,2,2
18/05/2021,Fiby2,blocked,176.3664737,5291,207.733106,6232,31.36663234,Fiby2,trial,3,3
18/05/2021,Fiby2,blocked,182.6998001,5481,,,,Fiby2,look_away,look_away,3
18/05/2021,Fiby2,blocked,184.2997983,5529,,,,Fiby2,look_away,look_away,3
18/05/2021,Fiby2,blocked,195.599786,5868,,,,Fiby2,look_away,look_away,3
18/05/2021,Fiby2,blocked,235.8664086,7076,270.5663706,8117,34.69996203,Fiby2,trial,4,4
18/05/2021,Fiby2,blocked,237.033074,7111,,,,Fiby2,look_away,look_away,4
18/05/2021,Fiby2,blocked,237.033074,7111,,,,Blue3,look_away,look_away,4
18/05/2021,Fiby2,blocked,237.6664066,7130,270.5663706,8117,32.899964,Fiby2,misc,lateral_approach,4
18/05/2021,Fiby2,blocked,238.2997392,7149,270.5663706,8117,32.26663136,Fiby2,time_away,walk_away,4
19/05/2021,Mika2,blocked,57.59986935,1728,90.76646079,2723,33.16659144,Mika2,trial,1,1
19/05/2021,Mika2,blocked,78.5331552,2356,,,,Mika2,look_away,look_away,1
19/05/2021,Mika2,blocked,85.29980652,2559,,,,Mika2,look_away,look_away,1
19/05/2021,Mika2,blocked,118.0663989,3542,151.4996564,4545,33.4332575,Mika2,trial,2,2
19/05/2021,Mika2,blocked,122.5663887,3677,,,,Mika2,look_away,look_away,2
19/05/2021,Mika2,blocked,125.5663819,3767,,,,Mika2,look_away,look_away,2
19/05/2021,Mika2,blocked,130.1663714,3905,,,,Mika2,look_away,look_away,2
19/05/2021,Mika2,blocked,132.2330334,3967,,,,Mika2,look_away,look_away,2
19/05/2021,Mika2,blocked,132.9330318,3988,151.4996564,4545,18.56662455,Mika2,misc,lateral_approach,2
19/05/2021,Mika2,blocked,134.3663619,4031,151.4996564,4545,17.13329447,Mika2,time_away,walk_away,2
19/05/2021,Mika2,blocked,148.7663292,4463,,,,Mika2,look_away,look_away,2
19/05/2021,Mika2,blocked,177.5662639,5327,209.4661915,6284,31.89992764,Mika2,trial,3,3
19/05/2021,Mika2,blocked,189.2662374,5678,,,,Mika2,look_away,look_away,3
19/05/2021,Mika2,blocked,190.5662344,5717,191.799565,5754,1.233330536,Mika2,misc,lateral_approach,3
19/05/2021,Mika2,blocked,192.8328959,5785,209.4661915,6284,16.63329561,Mika2,time_away,walk_away,3
19/05/2021,Mika2,blocked,234.9328005,7048,265.6993973,7971,30.76659688,Mika2,trial,4,4
19/05/2021,Mika2,blocked,236.2661308,7088,,,,Mika2,look_away,look_away,4
19/05/2021,Mika2,blocked,243.6327807,7309,,,,Mika2,look_away,look_away,4
19/05/2021,Mika2,blocked,247.7327714,7432,,,,Mika2,look_away,look_away,4
19/05/2021,Mika2,blocked,248.5327696,7456,260.4327426,7813,11.89997301,Mika2,time_away,walk_away,4
19/05/2021,Mika2,blocked,264.2994005,7929,,,,Mika2,look_away,look_away,4
19/05/2021,Thaya,teasing,50.39999688,1512,82.56666155,2477,32.16666467,Thaya,trial,1,1
19/05/2021,Thaya,teasing,57.06666313,1712,,,,Thaya,look_away,look_away,1
19/05/2021,Thaya,teasing,57.83332975,1735,57.99999641,1740,0.166666656,Thaya,time_away,walk_away,1
19/05/2021,Thaya,teasing,60.43332959,1813,62.16666281,1865,1.733333226,Thaya,misc,pawing,1
19/05/2021,Thaya,teasing,62.69999611,1881,63.59999606,1908,0.899999944,Thaya,misc,pawing,1
19/05/2021,Thaya,teasing,66.26666256,1988,66.7333292,2002,0.466666638,Thaya,misc,pawing,1
19/05/2021,Thaya,teasing,70.63332896,2119,,,,Thaya,look_away,look_away,1
19/05/2021,Thaya,teasing,75.59999531,2268,,,,Thaya,look_away,look_away,1
19/05/2021,Thaya,teasing,76.66666191,2300,81.79999493,2454,5.133333015,Thaya,time_away,walk_away,1
19/05/2021,Thaya,teasing,109.8333265,3295,142.8333245,4285,32.99999795,Thaya,trial,2,2
19/05/2021,Thaya,teasing,114.6333262,3439,,,,Thaya,look_away,look_away,2
19/05/2021,Thaya,teasing,115.3333262,3460,116.0999928,3483,0.766666619,Thaya,misc,lateral_approach,2
19/05/2021,Thaya,teasing,117.6999927,3531,,,,Thaya,look_away,look_away,2
19/05/2021,Thaya,teasing,118.6999926,3561,123.5999923,3708,4.899999696,Thaya,time_away,walk_away,2
19/05/2021,Thaya,teasing,126.3333255,3790,,,,Thaya,look_away,look_away,2
19/05/2021,Thaya,teasing,126.9333255,3808,142.8333245,4285,15.89999901,Thaya,misc,lateral_approach,2
19/05/2021,Thaya,teasing,167.5666563,5027,201.6999875,6051,34.13333122,Thaya,trial,3,3
19/05/2021,Thaya,teasing,172.0333227,5161,,,,Thaya,look_away,look_away,3
19/05/2021,Thaya,teasing,172.566656,5177,173.4666559,5204,0.899999944,Thaya,misc,lateral_approach,3
19/05/2021,Thaya,teasing,174.3999892,5232,176.9666557,5309,2.566666508,Thaya,misc,pawing,3
19/05/2021,Thaya,teasing,178.5666556,5357,180.8333221,5425,2.266666526,Thaya,misc,pawing,3
19/05/2021,Thaya,teasing,183.0666553,5492,,,,Thaya,look_away,look_away,3
19/05/2021,Thaya,teasing,185.3333218,5560,201.6999875,6051,16.36666565,Thaya,time_away,walk_away,3
19/05/2021,Thaya,teasing,189.9999882,5700,,,,Thaya,look_away,look_away,3
19/05/2021,Thaya,teasing,232.3999856,6972,262.5999837,7878,30.19999813,Thaya,trial,4,4
19/05/2021,Thaya,teasing,239.7333185,7192,,,,Thaya,look_away,look_away,4
19/05/2021,Thaya,teasing,244.9666515,7349,,,,Thaya,look_away,look_away,4
19/05/2021,Thaya,teasing,246.0999847,7383,262.5999837,7878,16.49999898,Thaya,time_away,walk_away,4
19/05/2021,Thaya,teasing,248.5999846,7458,262.5999837,7878,13.99999913,Thaya,misc,lateral_approach,4
19/05/2021,Io,teasing,54.39993455,1632,83.99989894,2520,29.59996439,Io,trial,1,1
19/05/2021,Io,teasing,69.96658249,2099,71.3665808,2141,1.399998316,Io,misc,pawing,1
19/05/2021,Io,teasing,75.63324234,2269,,,,Io,look_away,look_away,1
19/05/2021,Io,teasing,77.33324029,2320,,,,Io,look_away,look_away,1
19/05/2021,Io,teasing,79.09990483,2373,,,,Io,look_away,look_away,1
19/05/2021,Io,teasing,80.89990267,2427,,,,Io,look_away,look_away,1
19/05/2021,Io,teasing,83.13323331,2494,,,,Io,look_away,look_away,1
19/05/2021,Io,teasing,105.26654,3158,137.6331677,4129,32.36662772,Io,trial,2,2
19/05/2021,Io,teasing,120.9665211,3629,,,,Io,look_away,look_away,2
19/05/2021,Io,teasing,121.8331867,3655,124.0998507,3723,2.26666394,Io,misc,pawing,2
19/05/2021,Io,teasing,125.4331824,3763,,,,Io,look_away,look_away,2
19/05/2021,Io,teasing,126.5331811,3796,137.6331677,4129,11.09998665,Io,time_away,walk_away,2
19/05/2021,Io,teasing,164.9331349,4948,197.2997626,5919,32.36662772,Io,trial,3,3
19/05/2021,Io,teasing,170.6997946,5121,,,,Io,look_away,look_away,3
19/05/2021,Io,teasing,181.1331154,5434,,,,Io,look_away,look_away,3
19/05/2021,Io,teasing,182.8997799,5487,197.2997626,5919,14.39998267,Io,time_away,walk_away,3
19/05/2021,Io,teasing,220.533068,6616,253.0663622,7592,32.53329419,Io,trial,4,4
19/05/2021,Io,teasing,224.4330633,6733,,,,Io,look_away,look_away,4
19/05/2021,Io,teasing,226.4330609,6793,,,,Io,look_away,look_away,4
19/05/2021,Io,teasing,228.0663923,6842,,,,Io,look_away,look_away,4
19/05/2021,Io,teasing,229.5330572,6886,246.56637,7397,17.03331284,Io,time_away,walk_away,4
19/05/2021,Io,teasing,236.6330486,7099,,,,Io,look_away,look_away,4
19/05/2021,Io,teasing,248.0997015,7443,,,,Io,look_away,look_away,4
19/05/2021,Io,teasing,248.6330342,7459,253.0663622,7592,4.433327999,Io,time_away,walk_away,4
20/05/2021,Loki4,blocked,64.23333333,1927,102.1333333,3064,37.9,Loki4,trial,1,1
20/05/2021,Loki4,blocked,78.3,2349,102.1333333,3064,23.83333333,Loki4,time_away,walk_away,1
20/05/2021,Loki4,blocked,78.86666667,2366,102.1333333,3064,23.26666667,Loki4,misc,lateral_approach,1
20/05/2021,Loki4,blocked,100.0666667,3002,,,,Loki4,look_away,look_away,1
20/05/2021,Loki4,blocked,121.6666667,3650,154.6,4638,32.93333333,Loki4,trial,2,2
20/05/2021,Loki4,blocked,123.5,3705,154.6,4638,31.1,Loki4,time_away,walk_away,2
20/05/2021,Loki4,blocked,184.8333333,5545,217.2333333,6517,32.4,Loki4,trial,3,3
20/05/2021,Loki4,blocked,186,5580,,,,Loki4,look_away,look_away,3
20/05/2021,Loki4,blocked,186.7,5601,212.8333333,6385,26.13333333,Loki4,time_away,walk_away,3
20/05/2021,Loki4,blocked,193.9333333,5818,,,,Loki4,look_away,look_away,3
20/05/2021,Loki4,blocked,195.9333333,5878,212.8333333,6385,16.9,Loki4,misc,lateral_approach,3
20/05/2021,Loki4,blocked,244.2666667,7328,279.8,8394,35.53333333,Loki4,trial,4,4
20/05/2021,Loki4,blocked,253,7590,279.8,8394,26.8,Loki4,time_away,walk_away,4
20/05/2021,Nala10,blocked,55.799938,1674,88.99990112,2670,33.19996311,Nala10,trial,1,1
20/05/2021,Nala10,blocked,70.79992134,2124,72.33325297,2170,1.53333163,Nala10,misc,lateral_approach,1
20/05/2021,Nala10,blocked,71.39992067,2142,72.59991934,2178,1.199998667,Nala10,time_away,walk_away,1
20/05/2021,Nala10,blocked,74.39991734,2232,,,,Nala10,look_away,look_away,1
20/05/2021,Nala10,blocked,74.699917,2241,79.53324497,2386,4.833327963,Nala10,time_away,walk_away,1
20/05/2021,Nala10,blocked,82.13324208,2464,,,,Nala10,look_away,look_away,1
20/05/2021,Nala10,blocked,82.99990778,2490,86.26657082,2588,3.266663037,Nala10,misc,lateral_approach,1
20/05/2021,Nala10,blocked,83.26657415,2498,86.53323719,2596,3.266663037,Nala10,time_away,walk_away,1
20/05/2021,Nala10,blocked,117.2998697,3519,149.2665008,4478,31.96663115,Nala10,trial,2,2
20/05/2021,Nala10,blocked,123.8998623,3717,,,,Nala10,look_away,look_away,2
20/05/2021,Nala10,blocked,125.8665268,3776,,,,Nala10,look_away,look_away,2
20/05/2021,Nala10,blocked,128.2998575,3849,,,,Nala10,look_away,look_away,2
20/05/2021,Nala10,blocked,128.9331901,3868,133.7998513,4014,4.86666126,Nala10,time_away,walk_away,2
20/05/2021,Nala10,blocked,136.7665147,4103,,,,Nala10,look_away,look_away,2
20/05/2021,Nala10,blocked,137.4665139,4124,140.4665106,4214,2.999996667,Nala10,time_away,walk_away,2
20/05/2021,Nala10,blocked,143.3998407,4302,,,,Nala10,look_away,look_away,2
20/05/2021,Nala10,blocked,144.4331729,4333,149.2665008,4478,4.833327963,Nala10,misc,lateral_approach,2
20/05/2021,Nala10,blocked,144.4665062,4334,149.2665008,4478,4.799994667,Nala10,time_away,walk_away,2
20/05/2021,Nala10,blocked,179.3664674,5381,211.166432,6335,31.79996467,Nala10,trial,3,3
20/05/2021,Nala10,blocked,183.7997958,5514,,,,Nala10,look_away,look_away,3
20/05/2021,Nala10,blocked,184.6331282,5539,192.4997861,5775,7.866657926,Nala10,time_away,walk_away,3
20/05/2021,Nala10,blocked,193.3331185,5800,,,,Nala10,look_away,look_away,3
20/05/2021,Nala10,blocked,193.833118,5815,208.6997681,6261,14.86665015,Nala10,misc,lateral_approach,3
20/05/2021,Nala10,blocked,194.4664506,5834,209.0331011,6271,14.56665048,Nala10,time_away,walk_away,3
20/05/2021,Nala10,blocked,197.0331144,5911,,,,Nala10,look_away,look_away,3
20/05/2021,Nala10,blocked,206.5331039,6196,,,,Nala10,look_away,look_away,3
20/05/2021,Nala10,blocked,241.8663979,7256,270.6330326,8119,28.76663471,Nala10,trial,4,4
20/05/2021,Nala10,blocked,248.2997241,7449,,,,Nala10,look_away,look_away,4
20/05/2021,Nala10,blocked,251.8997201,7557,,,,Nala10,look_away,look_away,4
20/05/2021,Nala10,blocked,255.0663833,7652,,,,Nala10,look_away,look_away,4
20/05/2021,Nala10,blocked,255.4997161,7665,261.6663759,7850,6.166659815,Nala10,time_away,walk_away,4
20/05/2021,Nala10,blocked,264.933039,7948,,,,Nala10,look_away,look_away,4
20/05/2021,Nala10,blocked,267.299703,8019,,,,Nala10,look_away,look_away,4
20/05/2021,Nala10,blocked,268.9330345,8068,,,,Nala10,look_away,look_away,4
20/05/2021,Lucifer,blocked,78.66658452,2360,109.3332192,3280,30.66663464,Lucifer,trial,1,1
20/05/2021,Lucifer,blocked,80.33324945,2410,81.16658191,2435,0.833332463,Lucifer,sitting_laying_down,front_down,1
20/05/2021,Lucifer,blocked,84.26657867,2528,,,,Lucifer,look_away,look_away,1
20/05/2021,Lucifer,blocked,85.69991051,2571,109.0332195,3271,23.33330897,Lucifer,time_away,walk_away,1
20/05/2021,Lucifer,blocked,142.3998513,4272,177.2331483,5317,34.83329696,Lucifer,trial,2,2
20/05/2021,Lucifer,blocked,148.5998448,4458,,,,Lucifer,look_away,look_away,2
20/05/2021,Lucifer,blocked,149.4998439,4485,177.2331483,5317,27.73330437,Lucifer,misc,lateral_approach,2
20/05/2021,Lucifer,blocked,149.733177,4492,177.2331483,5317,27.49997128,Lucifer,time_away,walk_away,2
20/05/2021,Lucifer,blocked,158.8998341,4767,,,,Lucifer,look_away,look_away,2
20/05/2021,Lucifer,blocked,207.6331165,6229,243.0330796,7291,35.39996303,Lucifer,trial,3,3
20/05/2021,Lucifer,blocked,211.033113,6331,,,,Lucifer,look_away,look_away,3
20/05/2021,Lucifer,blocked,211.6997789,6351,243.0330796,7291,31.33330061,Lucifer,time_away,walk_away,3
20/05/2021,Lucifer,blocked,214.0997764,6423,243.0330796,7291,28.93330312,Lucifer,misc,lateral_approach,3
20/05/2021,Lucifer,blocked,274.3997135,8232,305.6996808,9171,31.29996732,Lucifer,trial,4,4
20/05/2021,Lucifer,blocked,282.6330382,8479,,,,Lucifer,look_away,look_away,4
20/05/2021,Lucifer,blocked,283.2663709,8498,305.6996808,9171,22.43330991,Lucifer,misc,lateral_approach,4
20/05/2021,Lucifer,blocked,283.5663706,8507,305.6996808,9171,22.13331022,Lucifer,time_away,walk_away,4
20/05/2021,Lucifer,blocked,288.5996986,8658,,,,Lucifer,look_away,look_away,4
19/05/2021,Jolie,blocked,84.83325042,2545,115.2998873,3459,30.46663689,Jolie,trial,1,1
19/05/2021,Jolie,blocked,91.89991018,2757,,,,Jolie,look_away,look_away,1
19/05/2021,Jolie,blocked,92.13324328,2764,98.16657072,2945,6.033327437,Jolie,misc,lateral_approach,1
19/05/2021,Jolie,blocked,92.8332426,2785,98.53323703,2956,5.699994429,Jolie,time_away,walk_away,1
19/05/2021,Jolie,blocked,102.633233,3079,103.7665652,3113,1.133332226,Jolie,misc,pawing,1
19/05/2021,Jolie,blocked,105.7998966,3174,,,,Jolie,look_away,look_away,1
19/05/2021,Jolie,blocked,106.3665627,3191,109.4332264,3283,3.066663669,Jolie,misc,lateral_approach,1
19/05/2021,Jolie,blocked,107.1332286,3214,109.7332261,3292,2.599997459,Jolie,time_away,walk_away,1
19/05/2021,Jolie,blocked,149.4331873,4483,183.6331539,5509,34.19996657,Jolie,trial,2,2
19/05/2021,Jolie,blocked,153.2998502,4599,,,,Jolie,look_away,look_away,2
19/05/2021,Jolie,blocked,155.833181,4675,,,,Jolie,look_away,look_away,2
19/05/2021,Jolie,blocked,156.499847,4695,162.4998412,4875,5.999994136,Jolie,misc,lateral_approach,2
19/05/2021,Jolie,blocked,157.2331797,4717,162.9331741,4888,5.699994429,Jolie,time_away,walk_away,2
19/05/2021,Jolie,blocked,167.5665029,5027,,,,Jolie,look_away,look_away,2
19/05/2021,Jolie,blocked,168.4331687,5053,174.7664959,5243,6.333327143,Jolie,time_away,walk_away,2
19/05/2021,Jolie,blocked,217.4997874,6525,246.2997593,7389,28.79997185,Jolie,trial,3,3
19/05/2021,Jolie,blocked,220.4664512,6614,,,,Jolie,look_away,look_away,3
19/05/2021,Jolie,blocked,232.8997724,6987,,,,Jolie,look_away,look_away,3
19/05/2021,Jolie,blocked,237.5997678,7128,,,,Jolie,look_away,look_away,3
19/05/2021,Jolie,blocked,238.7331,7162,246.2997593,7389,7.566659271,Jolie,misc,lateral_approach,3
19/05/2021,Jolie,blocked,239.2664328,7178,246.2997593,7389,7.033326459,Jolie,time_away,walk_away,3
19/05/2021,Jolie,blocked,278.4997278,8355,310.5330298,9316,32.03330202,Jolie,trial,4,4
19/05/2021,Jolie,blocked,284.1997222,8526,,,,Jolie,look_away,look_away,4
19/05/2021,Jolie,blocked,297.9663754,8939,299.5330406,8986,1.566665135,Jolie,misc,pawing,4
19/05/2021,Jolie,blocked,299.799707,8994,302.0663714,9062,2.266664451,Jolie,misc,pawing,4
19/05/2021,Jolie,blocked,306.7997001,9204,307.6996993,9231,0.89999912,Jolie,misc,pawing,4
19/05/2021,Jolie,blocked,307.9663657,9239,308.2330321,9247,0.266666406,Jolie,misc,pawing,4
19/05/2021,Dunni,blocked,142.7665639,4283,172.6998756,5181,29.93331178,Dunni,trial,1,1
19/05/2021,Dunni,blocked,150.3665584,4511,150.6998915,4521,0.333333093,Dunni,misc,pawing,1
19/05/2021,Dunni,blocked,151.6998908,4551,152.1998904,4566,0.49999964,Dunni,sitting_laying_down,front_down,1
19/05/2021,Dunni,blocked,152.6665567,4580,153.0998898,4593,0.433333021,Dunni,misc,pawing,1
19/05/2021,Dunni,blocked,153.2998896,4599,155.0998883,4653,1.799998704,Dunni,misc,pawing,1
19/05/2021,Dunni,blocked,156.7998871,4704,159.7332183,4792,2.933331221,Dunni,misc,pawing,1
19/05/2021,Dunni,blocked,164.8332146,4945,167.3665462,5021,2.533331509,Dunni,sitting_laying_down,front_down,1
19/05/2021,Dunni,blocked,168.2998788,5049,,,,Dunni,look_away,look_away,1
19/05/2021,Dunni,blocked,171.1665434,5135,172.6998756,5181,1.533332229,Dunni,misc,lateral_approach,1
19/05/2021,Dunni,blocked,171.8332096,5155,172.6998756,5181,0.866666043,Dunni,time_away,walk_away,1
19/05/2021,Dunni,blocked,214.7331787,6442,247.5664884,7427,32.83330969,Dunni,trial,2,2
19/05/2021,Dunni,blocked,223.1331727,6694,,,,Dunni,look_away,look_away,2
19/05/2021,Dunni,blocked,226.6331701,6799,,,,Dunni,look_away,look_away,2
19/05/2021,Dunni,blocked,235.2664973,7058,238.2331618,7147,2.966664531,Dunni,sitting_laying_down,front_down,2
19/05/2021,Dunni,blocked,239.5998275,7188,,,,Dunni,look_away,look_away,2
19/05/2021,Dunni,blocked,241.7664926,7253,247.5664884,7427,5.799995824,Dunni,misc,lateral_approach,2
19/05/2021,Dunni,blocked,242.4331588,7273,247.5664884,7427,5.133329637,Dunni,time_away,walk_away,2
19/05/2021,Dunni,blocked,294.2664548,8828,327.6664307,9830,33.39997595,Dunni,trial,3,3
19/05/2021,Dunni,blocked,306.1997795,9186,,,,Dunni,look_away,look_away,3
19/05/2021,Dunni,blocked,312.9997746,9390,316.8331052,9505,3.833330573,Dunni,misc,pawing,3
19/05/2021,Dunni,blocked,319.6331032,9589,320.8997689,9627,1.266665755,Dunni,misc,pawing,3
19/05/2021,Dunni,blocked,382.2330581,11467,420.3330307,12610,38.09997257,Dunni,trial,4,4
19/05/2021,Dunni,blocked,388.8330534,11665,392.1663843,11765,3.333330933,Dunni,misc,pawing,4
19/05/2021,Dunni,blocked,398.9330461,11968,400.2997118,12009,1.366665683,Dunni,misc,pawing,4
19/05/2021,Dunni,blocked,402.4330436,12073,403.9997091,12120,1.566665539,Dunni,sitting_laying_down,front_down,4
